{
"objects":
[
{"type":"action","id":"admin_add_application","display_name":"admin_add_application","properties":{"companyParty":"","pss_right":""},"created_at":"2025-05-06T19:33:25.773252329Z","updated_at":"2025-05-06T19:33:25.773252329Z","etag":"11784493886314080074"},{"type":"action","id":"nomination_create","display_name":"nomination_create","properties":{"companyParty":"shipper","pss_right":"pss_nomination_create"},"created_at":"2025-05-06T19:33:25.773142254Z","updated_at":"2025-05-06T19:33:25.773142254Z","etag":"16425857489649549602"},{"type":"action","id":"nomination_edit","display_name":"nomination_edit","properties":{"companyParty":"shipper","pss_right":""},"created_at":"2025-05-06T19:33:25.773167317Z","updated_at":"2025-05-06T19:33:25.773167317Z","etag":"1527005225620948634"},{"type":"action","id":"nomination_subscriber_confirm","display_name":"nomination_subscriber_confirm","properties":{"companyParty":"carrier","pss_right":"pss_nomination_subscriber_confirm"},"created_at":"2025-05-06T19:33:25.773189493Z","updated_at":"2025-05-06T19:33:25.773189493Z","etag":"6521569989964167752"},{"type":"action","id":"nomination_supCon_confirm","display_name":"nomination_supCon_confirm","properties":{"companyParty":"supCon","pss_right":""},"created_at":"2025-05-06T19:33:25.773201368Z","updated_at":"2025-05-06T19:33:25.773201368Z","etag":"1124428749987973404"},{"type":"action","id":"nomination_tankage_confirm","display_name":"nomination_tankage_confirm","properties":{"companyParty":"tankage","pss_right":""},"created_at":"2025-05-06T19:33:25.773212245Z","updated_at":"2025-05-06T19:33:25.773212245Z","etag":"15729593567335646910"},{"type":"action","id":"nomination_view","display_name":"nomination_view","properties":{"companyParty":"*","pss_right":""},"created_at":"2025-05-06T19:33:25.773177914Z","updated_at":"2025-05-06T19:33:25.773177914Z","etag":"7955933145383604872"},{"type":"action","id":"ticket_create","display_name":"ticket_create","properties":{"companyParty":"subscriber","pss_right":""},"created_at":"2025-05-06T19:33:25.773224593Z","updated_at":"2025-05-06T19:33:25.773224593Z","etag":"17060267005678467034"},{"type":"action","id":"ticket_edit","display_name":"ticket_edit","properties":{"companyParty":"subscriber","pss_right":""},"created_at":"2025-05-06T19:33:25.773234187Z","updated_at":"2025-05-06T19:33:25.773234187Z","etag":"5547234995538853494"},{"type":"action","id":"ticket_view","display_name":"ticket_view","properties":{"companyParty":"*","pss_right":""},"created_at":"2025-05-06T19:33:25.773243112Z","updated_at":"2025-05-06T19:33:25.773243112Z","etag":"7931602636531071328"},{"type":"action_set","id":"drafts","display_name":"drafts","properties":{},"created_at":"2025-05-06T19:33:25.774424102Z","updated_at":"2025-05-06T19:33:25.774424102Z","etag":"3588409208368852560"},{"type":"action_set","id":"nominations","display_name":"nominations","properties":{},"created_at":"2025-05-06T19:33:25.773260504Z","updated_at":"2025-05-06T19:33:25.773260504Z","etag":"6169835929338247702"},{"type":"action_set","id":"tickets","display_name":"tickets","properties":{},"created_at":"2025-05-06T19:33:25.773267826Z","updated_at":"2025-05-06T19:33:25.773267826Z","etag":"9860993139631794482"},{"type":"company","id":"EXN","display_name":"EXN","properties":{},"created_at":"2025-05-06T19:33:25.773361487Z","updated_at":"2025-05-06T19:33:25.773361487Z","etag":"13250174767210895458"},{"type":"company","id":"P66","display_name":"P66","properties":{},"created_at":"2025-05-06T19:33:25.722748802Z","updated_at":"2025-05-06T19:33:25.722748802Z","etag":"9560451808543684204"},{"type":"identity","id":"CiRmERW2MTRkMy1jMzlhLTQ3ODEtYjdiZC04Yjk2ZjVhNTEwMGQSBWxvY2Fs","display_name":"CiRmERW2MTRkMy1jMzlhLTQ3ODEtYjdiZC04Yjk2ZjVhNTEwMGQSBWxvY2Fs","properties":{"connection_id":"a0b88cca-02b0-4213-87dd-e167ca766a19","kind":"IDENTITY_KIND_PID","provider":"local","verified":true},"created_at":"2025-05-06T19:33:25.626815264Z","updated_at":"2025-05-06T19:33:25.626815264Z","etag":"1268543657633591319"},{"type":"identity","id":"CiRmF3J6MTRkMy1jMzlhLTQ3ODEtYjdiZC04Yjk2ZjVhNTEwMGQSBWxvY2Fs","display_name":"CiRmF3J6MTRkMy1jMzlhLTQ3ODEtYjdiZC04Yjk2ZjVhNTEwMGQSBWxvY2Fs","properties":{"connection_id":"36552672-3d7f-4c5e-8e6f-40aa6b7b83d7","kind":"IDENTITY_KIND_PID","provider":"local","verified":true},"created_at":"2025-05-06T19:33:25.626879210Z","updated_at":"2025-05-06T19:33:25.626879210Z","etag":"12543658430836781447"},{"type":"identity","id":"alice@transport4.com","display_name":"alice@transport4.com","properties":{"connection_id":"36552672-3d7f-4c5e-8e6f-40aa6b7b83d7","kind":"IDENTITY_KIND_EMAIL","provider":"local","verified":true},"created_at":"2025-05-06T19:33:25.626863743Z","updated_at":"2025-05-06T19:33:25.626863743Z","etag":"10309877373917067449"},{"type":"identity","id":"bob@transport4.com","display_name":"bob@transport4.com","properties":{"connection_id":"a0b88cca-02b0-4213-87dd-e167ca766a19","kind":"IDENTITY_KIND_EMAIL","provider":"local","verified":true},"created_at":"2025-05-06T19:33:25.621454031Z","updated_at":"2025-05-06T19:33:25.621454031Z","etag":"4306311694405192825"},{"type":"identity","id":"local|acf07dfc415c6f1e9b2473784f2e337c","display_name":"local|acf07dfc415c6f1e9b2473784f2e337c","properties":{"kind":"IDENTITY_KIND_PID","provider":"local","verified":true},"created_at":"2025-05-06T19:33:25.774876551Z","updated_at":"2025-05-06T19:33:25.774876551Z","etag":"14973578303954924606"},{"type":"identity","id":"steve@transport4.com","display_name":"steve@transport4.com","properties":{"kind":"IDENTITY_KIND_EMAIL","provider":"local","verified":true},"created_at":"2025-05-06T19:33:25.774863645Z","updated_at":"2025-05-06T19:33:25.774863645Z","etag":"11875260126737794272"},{"type":"location","id":"ALL","display_name":"ALL","properties":{},"created_at":"2025-05-06T19:33:25.773368330Z","updated_at":"2025-05-06T19:33:25.773368330Z","etag":"12951775066712955556"},{"type":"location","id":"DVD","display_name":"DVD","properties":{},"created_at":"2025-05-06T19:33:25.773343278Z","updated_at":"2025-05-06T19:33:25.773343278Z","etag":"11017709112163898554"},{"type":"location","id":"SAN","display_name":"SAN","properties":{},"created_at":"2025-05-06T19:33:25.773350078Z","updated_at":"2025-05-06T19:33:25.773350078Z","etag":"11065921107034533406"},{"type":"location","id":"STL","display_name":"STL","properties":{},"created_at":"2025-05-06T19:33:25.773355862Z","updated_at":"2025-05-06T19:33:25.773355862Z","etag":"10123823900617920268"},{"type":"product_type","id":"ALL","display_name":"ALL","properties":{},"created_at":"2025-05-06T19:33:25.773393539Z","updated_at":"2025-05-06T19:33:25.773393539Z","etag":"6857250232654468123"},{"type":"product_type","id":"GAS","display_name":"GAS","properties":{},"created_at":"2025-05-06T19:33:25.773376199Z","updated_at":"2025-05-06T19:33:25.773376199Z","etag":"16934238231065390295"},{"type":"product_type","id":"JET","display_name":"JET","properties":{},"created_at":"2025-05-06T19:33:25.773381875Z","updated_at":"2025-05-06T19:33:25.773381875Z","etag":"9233008245782762919"},{"type":"product_type","id":"KER","display_name":"KER","properties":{},"created_at":"2025-05-06T19:33:25.773387500Z","updated_at":"2025-05-06T19:33:25.773387500Z","etag":"13346091721919978545"},{"type":"pss_right","id":"pss_nomination_create","display_name":"pss_nomination_create","properties":{},"created_at":"2025-05-06T19:33:25.773422958Z","updated_at":"2025-05-06T19:33:25.773422958Z","etag":"16257639785220806104"},{"type":"pss_right","id":"pss_nomination_subscriber_confirm","display_name":"pss_nomination_subscriber_confirm","properties":{},"created_at":"2025-05-06T19:33:25.773431159Z","updated_at":"2025-05-06T19:33:25.773431159Z","etag":"15995198003019256342"},{"type":"role","id":"companyAdministrator","display_name":"companyAdministrator","properties":{},"created_at":"2025-05-06T19:33:25.722770329Z","updated_at":"2025-05-06T19:33:25.722770329Z","etag":"2696612849365740361"},{"type":"role","id":"inspector","display_name":"inspector","properties":{},"created_at":"2025-05-06T19:33:25.773124416Z","updated_at":"2025-05-06T19:33:25.773124416Z","etag":"13593103246773639779"},{"type":"role","id":"pipelineEmployee","display_name":"pipelineEmployee","properties":{},"created_at":"2025-05-06T19:33:25.773080747Z","updated_at":"2025-05-06T19:33:25.773080747Z","etag":"3701695413500821869"},{"type":"role","id":"scheduler","display_name":"scheduler","properties":{},"created_at":"2025-05-06T19:33:25.722764827Z","updated_at":"2025-05-06T19:33:25.722764827Z","etag":"10461341058114227755"},{"type":"subscriber","id":"CPL","display_name":"CPL","properties":{},"created_at":"2025-05-06T19:33:25.722758189Z","updated_at":"2025-05-06T19:33:25.722758189Z","etag":"10081340790167681129"},{"type":"subscriber","id":"KMO","display_name":"KMO","properties":{},"created_at":"2025-05-06T19:33:25.722753981Z","updated_at":"2025-05-06T19:33:25.722753981Z","etag":"16561965193889197185"},{"type":"user","id":"alice@transport4.com","display_name":"alice","properties":{"connection_id":"36552672-3d7f-4c5e-8e6f-40aa6b7b83d7","email":"alice@transport4.com","picture":"https://external-content.duckduckgo.com/iu/?u=https%3A%2F%2Fi.pinimg.com%2Foriginals%2F10%2Fa5%2F50%2F10a55091301b9a209ff200a34cc8f088.jpg&f=1&nofb=1&ipt=d38630ecbd288e8a399134fc60e5fc8ebd60ec990471be3f08447a2803ef4c7d&ipo=images","pss_rights":[],"roles":[],"status":"USER_STATUS_ACTIVE"},"created_at":"2025-05-06T19:33:25.626845536Z","updated_at":"2025-05-06T19:33:25.626845536Z","etag":"7411104114916521088"},{"type":"user","id":"bob@transport4.com","display_name":"bob","properties":{"connection_id":"a0b88cca-02b0-4213-87dd-e167ca766a19","email":"bob@transport4.com","picture":"https://i.pinimg.com/280x280_RS/e9/76/67/e9766730ff719e217ab048cf9e9f1748.jpg","roles":["viewer"],"status":"USER_STATUS_ACTIVE"},"created_at":"2025-05-06T19:33:25.773870604Z","updated_at":"2025-05-06T19:33:25.773870604Z","etag":"5776006093849220367"},{"type":"user","id":"steve@transport4.com","display_name":"steve","properties":{"email":"steve@transport4.com","picture":"https://live.staticflickr.com/1069/563806059_813e90acee_b.jpg","pss_rights":[],"status":"USER_STATUS_ACTIVE"},"created_at":"2025-05-06T19:33:25.774851256Z","updated_at":"2025-05-06T19:33:25.774851256Z","etag":"9787630733272198815"},{"type":"user_permission","id":"EXN-CPL-companyAdministrator","display_name":"EXN-CPL-companyAdministrator","properties":{},"created_at":"2025-05-06T19:33:25.773402470Z","updated_at":"2025-05-06T19:33:25.773402470Z","etag":"7347573178671357224"},{"type":"user_permission","id":"EXN-CPL-inspector","display_name":"EXN-CPL-inspector","properties":{},"created_at":"2025-05-06T19:33:25.776801925Z","updated_at":"2025-05-06T19:33:25.776801925Z","etag":"14199968858460327938"},{"type":"user_permission","id":"EXN-CPL-scheduler","display_name":"EXN-CPL-scheduler","properties":{},"created_at":"2025-05-06T19:33:25.773409671Z","updated_at":"2025-05-06T19:33:25.773409671Z","etag":"1378352610151844282"},{"type":"user_permission","id":"EXN-KMO-scheduler","display_name":"EXN-KMO-scheduler","properties":{},"created_at":"2025-05-06T19:33:25.774113850Z","updated_at":"2025-05-06T19:33:25.774113850Z","etag":"10769928811835170582"},{"type":"user_permission","id":"P66-KMO-inspector","display_name":"P66-KMO-inspector","properties":{},"created_at":"2025-05-06T19:33:25.773416332Z","updated_at":"2025-05-06T19:33:25.773416332Z","etag":"6729808047969935784"}]
}
