{
"relations":
[
{"object_type":"action","object_id":"nomination_create","relation":"member","subject_type":"action_set","subject_id":"nominations","created_at":"2025-05-06T19:33:25.777180620Z","updated_at":"2025-05-06T19:33:25.777180620Z","etag":"11427761163130333722"},{"object_type":"action","object_id":"nomination_create","relation":"member","subject_type":"role","subject_id":"companyAdministrator","created_at":"2025-05-06T19:33:25.777225281Z","updated_at":"2025-05-06T19:33:25.777225281Z","etag":"3797880339197426388"},{"object_type":"action","object_id":"nomination_create","relation":"member","subject_type":"role","subject_id":"pipelineEmployee","created_at":"2025-05-06T19:33:25.777235361Z","updated_at":"2025-05-06T19:33:25.777235361Z","etag":"8321395569056397994"},{"object_type":"action","object_id":"nomination_create","relation":"member","subject_type":"role","subject_id":"scheduler","created_at":"2025-05-06T19:33:25.777243503Z","updated_at":"2025-05-06T19:33:25.777243503Z","etag":"12116218541071868881"},{"object_type":"action","object_id":"nomination_edit","relation":"member","subject_type":"action_set","subject_id":"nominations","created_at":"2025-05-06T19:33:25.777251593Z","updated_at":"2025-05-06T19:33:25.777251593Z","etag":"10801114902123003674"},{"object_type":"action","object_id":"nomination_edit","relation":"member","subject_type":"role","subject_id":"companyAdministrator","created_at":"2025-05-06T19:33:25.777262280Z","updated_at":"2025-05-06T19:33:25.777262280Z","etag":"8573022080466797012"},{"object_type":"action","object_id":"nomination_edit","relation":"member","subject_type":"role","subject_id":"pipelineEmployee","created_at":"2025-05-06T19:33:25.777269730Z","updated_at":"2025-05-06T19:33:25.777269730Z","etag":"4875214413647909290"},{"object_type":"action","object_id":"nomination_edit","relation":"member","subject_type":"role","subject_id":"scheduler","created_at":"2025-05-06T19:33:25.777278474Z","updated_at":"2025-05-06T19:33:25.777278474Z","etag":"6503669803743664337"},{"object_type":"action","object_id":"nomination_subscriber_confirm","relation":"member","subject_type":"action_set","subject_id":"nominations","created_at":"2025-05-06T19:33:25.777288257Z","updated_at":"2025-05-06T19:33:25.777288257Z","etag":"18118592259955622065"},{"object_type":"action","object_id":"nomination_subscriber_confirm","relation":"member","subject_type":"role","subject_id":"companyAdministrator","created_at":"2025-05-06T19:33:25.777301171Z","updated_at":"2025-05-06T19:33:25.777301171Z","etag":"1565583611763526869"},{"object_type":"action","object_id":"nomination_supCon_confirm","relation":"member","subject_type":"action_set","subject_id":"nominations","created_at":"2025-05-06T19:33:25.777309476Z","updated_at":"2025-05-06T19:33:25.777309476Z","etag":"5526006847705802527"},{"object_type":"action","object_id":"nomination_tankage_confirm","relation":"member","subject_type":"action_set","subject_id":"nominations","created_at":"2025-05-06T19:33:25.777317591Z","updated_at":"2025-05-06T19:33:25.777317591Z","etag":"11482000571146433002"},{"object_type":"action","object_id":"nomination_tankage_confirm","relation":"member","subject_type":"role","subject_id":"companyAdministrator","created_at":"2025-05-06T19:33:25.777325915Z","updated_at":"2025-05-06T19:33:25.777325915Z","etag":"17317929660062570244"},{"object_type":"action","object_id":"nomination_view","relation":"member","subject_type":"action_set","subject_id":"nominations","created_at":"2025-05-06T19:33:25.777333824Z","updated_at":"2025-05-06T19:33:25.777333824Z","etag":"3334859374327482117"},{"object_type":"action","object_id":"nomination_view","relation":"member","subject_type":"role","subject_id":"companyAdministrator","created_at":"2025-05-06T19:33:25.777343635Z","updated_at":"2025-05-06T19:33:25.777343635Z","etag":"11348229204151662537"},{"object_type":"action","object_id":"nomination_view","relation":"member","subject_type":"role","subject_id":"inspector","created_at":"2025-05-06T19:33:25.777352563Z","updated_at":"2025-05-06T19:33:25.777352563Z","etag":"17894851305733767010"},{"object_type":"action","object_id":"nomination_view","relation":"member","subject_type":"role","subject_id":"pipelineEmployee","created_at":"2025-05-06T19:33:25.777360004Z","updated_at":"2025-05-06T19:33:25.777360004Z","etag":"4875390094485510555"},{"object_type":"action","object_id":"nomination_view","relation":"member","subject_type":"role","subject_id":"scheduler","created_at":"2025-05-06T19:33:25.777368712Z","updated_at":"2025-05-06T19:33:25.777368712Z","etag":"10517662697600733198"},{"object_type":"action","object_id":"ticket_create","relation":"member","subject_type":"action_set","subject_id":"tickets","created_at":"2025-05-06T19:33:25.777378115Z","updated_at":"2025-05-06T19:33:25.777378115Z","etag":"17095771316320329726"},{"object_type":"action","object_id":"ticket_create","relation":"member","subject_type":"role","subject_id":"companyAdministrator","created_at":"2025-05-06T19:33:25.777387104Z","updated_at":"2025-05-06T19:33:25.777387104Z","etag":"11794312566127414406"},{"object_type":"action","object_id":"ticket_create","relation":"member","subject_type":"role","subject_id":"pipelineEmployee","created_at":"2025-05-06T19:33:25.777394372Z","updated_at":"2025-05-06T19:33:25.777394372Z","etag":"17170996024532618268"},{"object_type":"action","object_id":"ticket_create","relation":"member","subject_type":"role","subject_id":"scheduler","created_at":"2025-05-06T19:33:25.777401663Z","updated_at":"2025-05-06T19:33:25.777401663Z","etag":"11892371747146735523"},{"object_type":"action","object_id":"ticket_edit","relation":"member","subject_type":"action_set","subject_id":"tickets","created_at":"2025-05-06T19:33:25.777408732Z","updated_at":"2025-05-06T19:33:25.777408732Z","etag":"12790339211910700358"},{"object_type":"action","object_id":"ticket_edit","relation":"member","subject_type":"role","subject_id":"companyAdministrator","created_at":"2025-05-06T19:33:25.777418340Z","updated_at":"2025-05-06T19:33:25.777418340Z","etag":"8433460504656279246"},{"object_type":"action","object_id":"ticket_edit","relation":"member","subject_type":"role","subject_id":"pipelineEmployee","created_at":"2025-05-06T19:33:25.777425529Z","updated_at":"2025-05-06T19:33:25.777425529Z","etag":"5435204421602410676"},{"object_type":"action","object_id":"ticket_edit","relation":"member","subject_type":"role","subject_id":"scheduler","created_at":"2025-05-06T19:33:25.777433913Z","updated_at":"2025-05-06T19:33:25.777433913Z","etag":"1494457296319100043"},{"object_type":"action","object_id":"ticket_view","relation":"member","subject_type":"action_set","subject_id":"tickets","created_at":"2025-05-06T19:33:25.777442165Z","updated_at":"2025-05-06T19:33:25.777442165Z","etag":"2823078259217259533"},{"object_type":"action","object_id":"ticket_view","relation":"member","subject_type":"role","subject_id":"companyAdministrator","created_at":"2025-05-06T19:33:25.777449770Z","updated_at":"2025-05-06T19:33:25.777449770Z","etag":"8572462824704837523"},{"object_type":"action","object_id":"ticket_view","relation":"member","subject_type":"role","subject_id":"inspector","created_at":"2025-05-06T19:33:25.777456859Z","updated_at":"2025-05-06T19:33:25.777456859Z","etag":"5127313370609131188"},{"object_type":"action","object_id":"ticket_view","relation":"member","subject_type":"role","subject_id":"pipelineEmployee","created_at":"2025-05-06T19:33:25.777464400Z","updated_at":"2025-05-06T19:33:25.777464400Z","etag":"1386918671249921413"},{"object_type":"action","object_id":"ticket_view","relation":"member","subject_type":"role","subject_id":"scheduler","created_at":"2025-05-06T19:33:25.777471344Z","updated_at":"2025-05-06T19:33:25.777471344Z","etag":"882904671463495048"},{"object_type":"action_set","object_id":"nominations","relation":"member","subject_type":"subscriber","subject_id":"CPL","created_at":"2025-05-06T19:33:25.777479329Z","updated_at":"2025-05-06T19:33:25.777479329Z","etag":"1359151991023494022"},{"object_type":"action_set","object_id":"tickets","relation":"member","subject_type":"subscriber","subject_id":"CPL","created_at":"2025-05-06T19:33:25.777486288Z","updated_at":"2025-05-06T19:33:25.777486288Z","etag":"14199437901962635572"},{"object_type":"action_set","object_id":"tickets","relation":"member","subject_type":"subscriber","subject_id":"KMO","created_at":"2025-05-06T19:33:25.777492804Z","updated_at":"2025-05-06T19:33:25.777492804Z","etag":"2202334376204924588"},{"object_type":"company","object_id":"EXN","relation":"member","subject_type":"user_permission","subject_id":"EXN-CPL-companyAdministrator","created_at":"2025-05-06T19:33:25.777501574Z","updated_at":"2025-05-06T19:33:25.777501574Z","etag":"15790608102058417222"},{"object_type":"company","object_id":"EXN","relation":"member","subject_type":"user_permission","subject_id":"EXN-CPL-inspector","created_at":"2025-05-06T19:33:25.777509517Z","updated_at":"2025-05-06T19:33:25.777509517Z","etag":"11761830699720228719"},{"object_type":"company","object_id":"EXN","relation":"member","subject_type":"user_permission","subject_id":"EXN-CPL-scheduler","created_at":"2025-05-06T19:33:25.777521732Z","updated_at":"2025-05-06T19:33:25.777521732Z","etag":"2812582340974989691"},{"object_type":"company","object_id":"EXN","relation":"member","subject_type":"user_permission","subject_id":"EXN-KMO-scheduler","created_at":"2025-05-06T19:33:25.777528922Z","updated_at":"2025-05-06T19:33:25.777528922Z","etag":"3111315016979197719"},{"object_type":"company","object_id":"P66","relation":"member","subject_type":"user_permission","subject_id":"P66-KMO-inspector","created_at":"2025-05-06T19:33:25.777536182Z","updated_at":"2025-05-06T19:33:25.777536182Z","etag":"3879792030015054203"},{"object_type":"identity","object_id":"CiRmERW2MTRkMy1jMzlhLTQ3ODEtYjdiZC04Yjk2ZjVhNTEwMGQSBWxvY2Fs","relation":"identifier","subject_type":"user","subject_id":"bob@transport4.com","created_at":"2025-05-06T19:33:25.780363488Z","updated_at":"2025-05-06T19:33:25.780363488Z","etag":"14600881229152776127"},{"object_type":"identity","object_id":"CiRmF3J6MTRkMy1jMzlhLTQ3ODEtYjdiZC04Yjk2ZjVhNTEwMGQSBWxvY2Fs","relation":"identifier","subject_type":"user","subject_id":"alice@transport4.com","created_at":"2025-05-06T19:33:25.780383776Z","updated_at":"2025-05-06T19:33:25.780383776Z","etag":"12093802459904665859"},{"object_type":"identity","object_id":"alice@transport4.com","relation":"identifier","subject_type":"user","subject_id":"alice@transport4.com","created_at":"2025-05-06T19:33:25.777545339Z","updated_at":"2025-05-06T19:33:25.777545339Z","etag":"1305728813002940435"},{"object_type":"identity","object_id":"bob@transport4.com","relation":"identifier","subject_type":"user","subject_id":"bob@transport4.com","created_at":"2025-05-06T19:33:25.780300259Z","updated_at":"2025-05-06T19:33:25.780300259Z","etag":"3991891673248951415"},{"object_type":"identity","object_id":"local|acf07dfc415c6f1e9b2473784f2e337c","relation":"identifier","subject_type":"user","subject_id":"steve@transport4.com","created_at":"2025-05-06T19:33:25.789251412Z","updated_at":"2025-05-06T19:33:25.789251412Z","etag":"1134505675161559507"},{"object_type":"identity","object_id":"steve@transport4.com","relation":"identifier","subject_type":"user","subject_id":"steve@transport4.com","created_at":"2025-05-06T19:33:25.789893099Z","updated_at":"2025-05-06T19:33:25.789893099Z","etag":"6248142954864319647"},{"object_type":"location","object_id":"ALL","relation":"member","subject_type":"user_permission","subject_id":"EXN-CPL-scheduler","created_at":"2025-05-06T19:33:25.789904305Z","updated_at":"2025-05-06T19:33:25.789904305Z","etag":"14531024794653001241"},{"object_type":"location","object_id":"DVD","relation":"member","subject_type":"user_permission","subject_id":"EXN-CPL-companyAdministrator","created_at":"2025-05-06T19:33:25.789914743Z","updated_at":"2025-05-06T19:33:25.789914743Z","etag":"2445061371981846255"},{"object_type":"location","object_id":"DVD","relation":"member","subject_type":"user_permission","subject_id":"EXN-CPL-inspector","created_at":"2025-05-06T19:33:25.789924565Z","updated_at":"2025-05-06T19:33:25.789924565Z","etag":"14214111362103895252"},{"object_type":"location","object_id":"DVD","relation":"member","subject_type":"user_permission","subject_id":"P66-KMO-inspector","created_at":"2025-05-06T19:33:25.789933630Z","updated_at":"2025-05-06T19:33:25.789933630Z","etag":"8132726048150476959"},{"object_type":"location","object_id":"SAN","relation":"member","subject_type":"user_permission","subject_id":"EXN-CPL-companyAdministrator","created_at":"2025-05-06T19:33:25.789942757Z","updated_at":"2025-05-06T19:33:25.789942757Z","etag":"3005545741026284667"},{"object_type":"location","object_id":"SAN","relation":"member","subject_type":"user_permission","subject_id":"EXN-CPL-inspector","created_at":"2025-05-06T19:33:25.789951521Z","updated_at":"2025-05-06T19:33:25.789951521Z","etag":"16872933194425644208"},{"object_type":"location","object_id":"SAN","relation":"member","subject_type":"user_permission","subject_id":"EXN-KMO-scheduler","created_at":"2025-05-06T19:33:25.789959948Z","updated_at":"2025-05-06T19:33:25.789959948Z","etag":"7612992322193415472"},{"object_type":"location","object_id":"STL","relation":"member","subject_type":"user_permission","subject_id":"EXN-KMO-scheduler","created_at":"2025-05-06T19:33:25.789968289Z","updated_at":"2025-05-06T19:33:25.789968289Z","etag":"15906239655872599431"},{"object_type":"product_type","object_id":"ALL","relation":"member","subject_type":"user_permission","subject_id":"EXN-CPL-scheduler","created_at":"2025-05-06T19:33:25.789977108Z","updated_at":"2025-05-06T19:33:25.789977108Z","etag":"17557763945088032454"},{"object_type":"product_type","object_id":"GAS","relation":"member","subject_type":"user_permission","subject_id":"EXN-CPL-companyAdministrator","created_at":"2025-05-06T19:33:25.789986929Z","updated_at":"2025-05-06T19:33:25.789986929Z","etag":"16437371180038021135"},{"object_type":"product_type","object_id":"GAS","relation":"member","subject_type":"user_permission","subject_id":"EXN-CPL-inspector","created_at":"2025-05-06T19:33:25.789996845Z","updated_at":"2025-05-06T19:33:25.789996845Z","etag":"1011409495860041780"},{"object_type":"product_type","object_id":"GAS","relation":"member","subject_type":"user_permission","subject_id":"EXN-KMO-scheduler","created_at":"2025-05-06T19:33:25.790005223Z","updated_at":"2025-05-06T19:33:25.790005223Z","etag":"15663460586236358004"},{"object_type":"product_type","object_id":"GAS","relation":"member","subject_type":"user_permission","subject_id":"P66-KMO-inspector","created_at":"2025-05-06T19:33:25.790013495Z","updated_at":"2025-05-06T19:33:25.790013495Z","etag":"12822231844144533375"},{"object_type":"product_type","object_id":"JET","relation":"member","subject_type":"user_permission","subject_id":"EXN-CPL-companyAdministrator","created_at":"2025-05-06T19:33:25.790022012Z","updated_at":"2025-05-06T19:33:25.790022012Z","etag":"9257952470275110869"},{"object_type":"product_type","object_id":"JET","relation":"member","subject_type":"user_permission","subject_id":"EXN-CPL-inspector","created_at":"2025-05-06T19:33:25.790030453Z","updated_at":"2025-05-06T19:33:25.790030453Z","etag":"4696995632807886610"},{"object_type":"product_type","object_id":"KER","relation":"member","subject_type":"user_permission","subject_id":"EXN-KMO-scheduler","created_at":"2025-05-06T19:33:25.790039100Z","updated_at":"2025-05-06T19:33:25.790039100Z","etag":"13688184445237598519"},{"object_type":"pss_right","object_id":"pss_nomination_create","relation":"member","subject_type":"user","subject_id":"bob@transport4.com","created_at":"2025-05-06T19:33:25.790056018Z","updated_at":"2025-05-06T19:33:25.790056018Z","etag":"14117232242527593584"},{"object_type":"pss_right","object_id":"pss_nomination_create","relation":"member","subject_type":"user","subject_id":"steve@transport4.com","created_at":"2025-05-06T19:33:25.790067417Z","updated_at":"2025-05-06T19:33:25.790067417Z","etag":"11274620490630589144"},{"object_type":"pss_right","object_id":"pss_nomination_subscriber_confirm","relation":"member","subject_type":"user","subject_id":"steve@transport4.com","created_at":"2025-05-06T19:33:25.790077554Z","updated_at":"2025-05-06T19:33:25.790077554Z","etag":"12965077136649015211"},{"object_type":"role","object_id":"companyAdministrator","relation":"member","subject_type":"user_permission","subject_id":"EXN-CPL-companyAdministrator","created_at":"2025-05-06T19:33:25.790088863Z","updated_at":"2025-05-06T19:33:25.790088863Z","etag":"5167227479724117130"},{"object_type":"role","object_id":"inspector","relation":"member","subject_type":"user_permission","subject_id":"EXN-CPL-inspector","created_at":"2025-05-06T19:33:25.790098116Z","updated_at":"2025-05-06T19:33:25.790098116Z","etag":"16989014868820359344"},{"object_type":"role","object_id":"inspector","relation":"member","subject_type":"user_permission","subject_id":"P66-KMO-inspector","created_at":"2025-05-06T19:33:25.790106502Z","updated_at":"2025-05-06T19:33:25.790106502Z","etag":"1906257422914117939"},{"object_type":"role","object_id":"scheduler","relation":"member","subject_type":"user_permission","subject_id":"EXN-CPL-scheduler","created_at":"2025-05-06T19:33:25.790114956Z","updated_at":"2025-05-06T19:33:25.790114956Z","etag":"16297357556146186664"},{"object_type":"role","object_id":"scheduler","relation":"member","subject_type":"user_permission","subject_id":"EXN-KMO-scheduler","created_at":"2025-05-06T19:33:25.790123506Z","updated_at":"2025-05-06T19:33:25.790123506Z","etag":"13953553818683435604"},{"object_type":"subscriber","object_id":"CPL","relation":"member","subject_type":"user_permission","subject_id":"EXN-CPL-companyAdministrator","created_at":"2025-05-06T19:33:25.790170536Z","updated_at":"2025-05-06T19:33:25.790170536Z","etag":"12176273367934971009"},{"object_type":"subscriber","object_id":"CPL","relation":"member","subject_type":"user_permission","subject_id":"EXN-CPL-inspector","created_at":"2025-05-06T19:33:25.790183148Z","updated_at":"2025-05-06T19:33:25.790183148Z","etag":"16290481904380913278"},{"object_type":"subscriber","object_id":"CPL","relation":"member","subject_type":"user_permission","subject_id":"EXN-CPL-scheduler","created_at":"2025-05-06T19:33:25.790193017Z","updated_at":"2025-05-06T19:33:25.790193017Z","etag":"4557875361199698026"},{"object_type":"subscriber","object_id":"CPL","relation":"member","subject_type":"user_permission","subject_id":"EXN-KMO-scheduler","created_at":"2025-05-06T19:33:25.790201812Z","updated_at":"2025-05-06T19:33:25.790201812Z","etag":"17733684265526429698"},{"object_type":"subscriber","object_id":"KMO","relation":"member","subject_type":"user_permission","subject_id":"P66-KMO-inspector","created_at":"2025-05-06T19:33:25.790210666Z","updated_at":"2025-05-06T19:33:25.790210666Z","etag":"17446086453873908625"},{"object_type":"user_permission","object_id":"EXN-CPL-companyAdministrator","relation":"member","subject_type":"user","subject_id":"bob@transport4.com","created_at":"2025-05-06T19:33:25.790222318Z","updated_at":"2025-05-06T19:33:25.790222318Z","etag":"3267031812476439528"},{"object_type":"user_permission","object_id":"EXN-CPL-inspector","relation":"member","subject_type":"user","subject_id":"steve@transport4.com","created_at":"2025-05-06T19:33:25.790233905Z","updated_at":"2025-05-06T19:33:25.790233905Z","etag":"13452442324914557437"},{"object_type":"user_permission","object_id":"P66-KMO-inspector","relation":"member","subject_type":"user","subject_id":"alice@transport4.com","created_at":"2025-05-06T19:33:25.790243826Z","updated_at":"2025-05-06T19:33:25.790243826Z","etag":"7764828736982610195"}]
}
